{"nPhrase":1,"Phrase":[{"nObject":3,"Objects":[{"id":0,"name":"Cube","position":[0.0,0.0,2.8599998950958252],"rotation":[0.0,0.0,0.0],"scale":[0.20000000298023224,0.20000000298023224,0.20000000298023224]},{"id":0,"name":"Quad","position":[0.0,0.0,2.0099999904632568],"rotation":[0.0,0.0,0.0],"scale":[1.0,1.0,1.0]},{"id":0,"name":"Capsule","position":[2.0,0.5,5.0],"rotation":[0.0,0.0,0.0],"scale":[0.5,0.5,0.5]}]}]}