{"nPhrase":1,"Phrase":[{"nObject":2,"Objects":[{"id":0,"name":"Cube","position":[-61.4990348815918,35.210830688476563,0.0],"rotation":[0.0,0.0,0.0],"scale":[10.0,10.0,10.0],"components":[]},{"id":0,"name":"Cube (1)","position":[9.6697597503662109,54.72528076171875,-3.165557861328125],"rotation":[-0.691609263420105,-0.0451505072414875,0.7198261022567749],"scale":[10.0,13.202725410461426,10.0],"components":[]}]}]}