{"nPhrase":1,"Phrase":[{"nObject":2,"backgroundObject":{"nameBackground":"Surgery Room","position":[0.0,-1.6200000047683716,-3.3900001049041748],"rotation":[0.0,0.0,0.0],"scale":[1.0,1.0,1.0]},"Objects":[{"id":0,"nameObj":"AircraftObj","nameDownload":"AircraftObj","position":[1.309999942779541,0.0,-2.619999885559082],"rotation":[0.0,0.0,0.0],"scale":[0.5,0.5,0.5],"components":[]},{"id":0,"nameObj":"SeahawkObj","nameDownload":"SeahawkObj","position":[-43.8599967956543,0.0,24.380001068115234],"rotation":[0.0,0.0,0.0],"scale":[1.0,1.0,1.0],"components":[]}]}]}