{"nPhrase":1,"Phrase":[{"nObject":3,"Objects":[{"id":0,"name":"Cube","position":[65.997177124023438,0.0,0.0],"rotation":[0.0,0.0,0.0],"scale":[10.0,10.0,10.0],"components":[]},{"id":0,"name":"Cube (1)","position":[76.00457763671875,0.0,0.0],"rotation":[0.0,0.0,0.0],"scale":[10.0,10.0,10.0],"components":[]},{"id":0,"name":"Dying","position":[-111.84332275390625,-120.66668701171875,351.2763671875],"rotation":[0.0,0.0,0.0],"scale":[100.0,100.0,100.0],"components":[]}]}]}