{
  "nPhrase": 1,
  "Phrase": [
    {
      "nObject": 4,
      "backgroundObject": {
        "nameBackground": "School Room",
        "position": [
          0,
          0,
          2.859999895095825
        ],
        "rotation": [
          0,
          0,
          0
        ],
        "scale": [
          0.20000000298023224,
          0.20000000298023224,
          0.20000000298023224
        ]
      },
      "Objects": [
        {
          "id": 0,
          "name": "Cube",
          "position": [
            0,
            0,
            2.859999895095825
          ],
          "rotation": [
            0,
            0,
            0
          ],
          "scale": [
            0.20000000298023224,
            0.20000000298023224,
            0.20000000298023224
          ]
        },
        {
          "id": 0,
          "name": "Quad",
          "position": [
            0,
            0,
            2.009999990463257
          ],
          "rotation": [
            0,
            0,
            0
          ],
          "scale": [
            1,
            1,
            1
          ]
        },
        {
          "id": 0,
          "name": "Capsule",
          "position": [
            2,
            0.5,
            5
          ],
          "rotation": [
            0,
            0,
            0
          ],
          "scale": [
            0.5,
            0.5,
            0.5
          ]
        },
        {
          "id": 0,
          "name": "Terrain",
          "position": [
            5,
            5,
            5
          ],
          "rotation": [
            0.03607421740889549,
            0.033639758825302124,
            0.033639755100011826
          ],
          "scale": [
            3,
            3,
            3
          ]
        }
      ]
    }
  ]
}