{"nPhrase":1,"Phrase":[{"nObject":4,"Objects":[{"id":0,"name":"Cube","position":[0.0,0.0,0.0],"rotation":[0.0,0.0,0.0],"scale":[10.0,10.0,10.0],"components":[]},{"id":0,"name":"Cube (1)","position":[-104.9080810546875,0.0,0.0],"rotation":[0.0,0.0,0.0],"scale":[10.0,10.0,10.0],"components":[]},{"id":0,"name":"brown_cube","position":[-12.4746675491333,53.38531494140625,-161.19140625],"rotation":[0.0,0.0,0.0],"scale":[1.0,1.0,1.0],"components":[]},{"id":0,"name":"brown_cube","position":[-5.934535026550293,57.578414916992188,-169.0],"rotation":[0.0,0.0,0.0],"scale":[1.0,1.0,1.0],"components":[]}]}]}